<?xml version="1.0" encoding="UTF-8"?>
<!DOCTYPE mapper
 PUBLIC "-//mybatis.org//DTD Mapper 3.0//EN" "http://mybatis.org/dtd/mybatis-3-mapper.dtd">

<mapper namespace="global.sesoc.melt.dao.UserinfoMapper">

<insert id="insert" parameterType="Userinfo">
	
	insert into userinfo
	(id, name)
	values
	(#{id},#{name})

</insert>

<update id="inprofile" parameterType="Userinfo">
	
	update userinfo
	set
		oprofile=#{oprofile}
		, sprofile=#{sprofile}
	where id = #{id}
	
</update>

<select id="getuser" resultType="Integer">
	select
		count(*)
	from userinfo
	where id = #{id}
</select>

<update id="changenick" parameterType="Userinfo">
	update userinfo
	set
		nickname=#{nickname}
	where id = #{id}
</update>

<select id="getnickname" resultType="String">
	select nickname
	from userinfo
	where id = #{id}
</select>

<select id="getfile" resultType="String">
	select sprofile
	from userinfo
	where id = #{id}
</select>


</mapper>




