<?xml version="1.0" encoding="UTF-8"?>
<beans:beans xmlns="http://www.springframework.org/schema/mvc"
	xmlns:xsi="http://www.w3.org/2001/XMLSchema-instance"
	xmlns:beans="http://www.springframework.org/schema/beans"
	xmlns:context="http://www.springframework.org/schema/context"
	xsi:schemaLocation="http://www.springframework.org/schema/mvc https://www.springframework.org/schema/mvc/spring-mvc.xsd
		http://www.springframework.org/schema/beans https://www.springframework.org/schema/beans/spring-beans.xsd
		http://www.springframework.org/schema/context https://www.springframework.org/schema/context/spring-context.xsd">

	<!-- DispatcherServlet Context: defines this servlet's request-processing infrastructure -->
	
	<!-- Enables the Spring MVC @Controller programming model -->
	<annotation-driven />

	<!-- Handles HTTP GET requests for /resources/** by efficiently serving up static resources in the ${webappRoot}/resources directory -->
	<resources mapping="/resources/**" location="/resources/" />

	<!-- Resolves views selected for rendering by @Controllers to .jsp resources in the /WEB-INF/views directory -->
	<beans:bean class="org.springframework.web.servlet.view.InternalResourceViewResolver">
		<beans:property name="prefix" value="/WEB-INF/views/" />
		<beans:property name="suffix" value=".jsp" />
	</beans:bean>
	
	<!-- google Class Bean설정 추가 -->
<!-- 클라이언트ID와 보안비밀 세팅-->
<beans:bean id="googleConnectionFactory"
	class="org.springframework.social.google.connect.GoogleConnectionFactory">
	<beans:constructor-arg value="1076621433838-pgcvvagrsnr3n99l1h6chi292d1abe58.apps.googleusercontent.com" />
	<beans:constructor-arg value="QH7YEX6u9pjTmt74WfYvO9jZ" />
</beans:bean>
<!-- 승인된 자바스크립트 원본과 승인된 리디렉션 URI -->
<beans:bean id="googleOAuth2Parameters" class="org.springframework.social.oauth2.OAuth2Parameters">
	<beans:property name="scope" value="https://www.googleapis.com/auth/plus.login" />
	<beans:property name="redirectUri" value="http://localhost:8089/melt/google" />
</beans:bean>
	
	
	
	<context:component-scan base-package="global.sesoc" />
	
	<resources location="file:///C:/uploadPath/" mapping="/image/**"></resources>
	
	
</beans:beans>
