{"name":"melt","classpathEntries":[{"kind":"binary","path":"C:\\Program Files\\Java\\jdk1.8.0_231\\jre\\lib\\resources.jar","javadocContainerUrl":"https://docs.oracle.com/javase/1/docs/api/","isSystem":true,"isOwn":false,"isTest":false,"isJavaContent":false},{"kind":"binary","path":"C:\\Program Files\\Java\\jdk1.8.0_231\\jre\\lib\\rt.jar","javadocContainerUrl":"https://docs.oracle.com/javase/1/docs/api/","isSystem":true,"isOwn":false,"isTest":false,"isJavaContent":false},{"kind":"binary","path":"C:\\Program Files\\Java\\jdk1.8.0_231\\jre\\lib\\jsse.jar","javadocContainerUrl":"https://docs.oracle.com/javase/1/docs/api/","isSystem":true,"isOwn":false,"isTest":false,"isJavaContent":false},{"kind":"binary","path":"C:\\Program Files\\Java\\jdk1.8.0_231\\jre\\lib\\jce.jar","javadocContainerUrl":"https://docs.oracle.com/javase/1/docs/api/","isSystem":true,"isOwn":false,"isTest":false,"isJavaContent":false},{"kind":"binary","path":"C:\\Program Files\\Java\\jdk1.8.0_231\\jre\\lib\\charsets.jar","javadocContainerUrl":"https://docs.oracle.com/javase/1/docs/api/","isSystem":true,"isOwn":false,"isTest":false,"isJavaContent":false},{"kind":"binary","path":"C:\\Program Files\\Java\\jdk1.8.0_231\\jre\\lib\\jfr.jar","javadocContainerUrl":"https://docs.oracle.com/javase/1/docs/api/","isSystem":true,"isOwn":false,"isTest":false,"isJavaContent":false},{"kind":"binary","path":"C:\\Users\\ktia\\.m2\\repository\\org\\springframework\\spring-context\\4.3.6.RELEASE\\spring-context-4.3.6.RELEASE.jar","sourceContainerUrl":"file:/C:/Users/ktia/.m2/repository/org/springframework/spring-context/4.3.6.RELEASE/spring-context-4.3.6.RELEASE-sources.jar","javadocContainerUrl":"file:/C:/Users/ktia/.m2/repository/org/springframework/spring-context/4.3.6.RELEASE/spring-context-4.3.6.RELEASE-javadoc.jar","isSystem":false,"isOwn":false,"isTest":false,"isJavaContent":false},{"kind":"binary","path":"C:\\Users\\ktia\\.m2\\repository\\org\\springframework\\spring-aop\\4.3.6.RELEASE\\spring-aop-4.3.6.RELEASE.jar","sourceContainerUrl":"file:/C:/Users/ktia/.m2/repository/org/springframework/spring-aop/4.3.6.RELEASE/spring-aop-4.3.6.RELEASE-sources.jar","javadocContainerUrl":"file:/C:/Users/ktia/.m2/repository/org/springframework/spring-aop/4.3.6.RELEASE/spring-aop-4.3.6.RELEASE-javadoc.jar","isSystem":false,"isOwn":false,"isTest":false,"isJavaContent":false},{"kind":"binary","path":"C:\\Users\\ktia\\.m2\\repository\\org\\springframework\\spring-beans\\4.3.6.RELEASE\\spring-beans-4.3.6.RELEASE.jar","sourceContainerUrl":"file:/C:/Users/ktia/.m2/repository/org/springframework/spring-beans/4.3.6.RELEASE/spring-beans-4.3.6.RELEASE-sources.jar","javadocContainerUrl":"file:/C:/Users/ktia/.m2/repository/org/springframework/spring-beans/4.3.6.RELEASE/spring-beans-4.3.6.RELEASE-javadoc.jar","isSystem":false,"isOwn":false,"isTest":false,"isJavaContent":false},{"kind":"binary","path":"C:\\Users\\ktia\\.m2\\repository\\org\\springframework\\spring-core\\4.3.6.RELEASE\\spring-core-4.3.6.RELEASE.jar","sourceContainerUrl":"file:/C:/Users/ktia/.m2/repository/org/springframework/spring-core/4.3.6.RELEASE/spring-core-4.3.6.RELEASE-sources.jar","javadocContainerUrl":"file:/C:/Users/ktia/.m2/repository/org/springframework/spring-core/4.3.6.RELEASE/spring-core-4.3.6.RELEASE-javadoc.jar","isSystem":false,"isOwn":false,"isTest":false,"isJavaContent":false},{"kind":"binary","path":"C:\\Users\\ktia\\.m2\\repository\\org\\springframework\\spring-expression\\4.3.6.RELEASE\\spring-expression-4.3.6.RELEASE.jar","sourceContainerUrl":"file:/C:/Users/ktia/.m2/repository/org/springframework/spring-expression/4.3.6.RELEASE/spring-expression-4.3.6.RELEASE-sources.jar","javadocContainerUrl":"file:/C:/Users/ktia/.m2/repository/org/springframework/spring-expression/4.3.6.RELEASE/spring-expression-4.3.6.RELEASE-javadoc.jar","isSystem":false,"isOwn":false,"isTest":false,"isJavaContent":false},{"kind":"binary","path":"C:\\Users\\ktia\\.m2\\repository\\org\\springframework\\spring-webmvc\\4.3.6.RELEASE\\spring-webmvc-4.3.6.RELEASE.jar","sourceContainerUrl":"file:/C:/Users/ktia/.m2/repository/org/springframework/spring-webmvc/4.3.6.RELEASE/spring-webmvc-4.3.6.RELEASE-sources.jar","javadocContainerUrl":"file:/C:/Users/ktia/.m2/repository/org/springframework/spring-webmvc/4.3.6.RELEASE/spring-webmvc-4.3.6.RELEASE-javadoc.jar","isSystem":false,"isOwn":false,"isTest":false,"isJavaContent":false},{"kind":"binary","path":"C:\\Users\\ktia\\.m2\\repository\\org\\springframework\\spring-web\\4.3.6.RELEASE\\spring-web-4.3.6.RELEASE.jar","sourceContainerUrl":"file:/C:/Users/ktia/.m2/repository/org/springframework/spring-web/4.3.6.RELEASE/spring-web-4.3.6.RELEASE-sources.jar","javadocContainerUrl":"file:/C:/Users/ktia/.m2/repository/org/springframework/spring-web/4.3.6.RELEASE/spring-web-4.3.6.RELEASE-javadoc.jar","isSystem":false,"isOwn":false,"isTest":false,"isJavaContent":false},{"kind":"binary","path":"C:\\Users\\ktia\\.m2\\repository\\org\\aspectj\\aspectjrt\\1.8.10\\aspectjrt-1.8.10.jar","sourceContainerUrl":"file:/C:/Users/ktia/.m2/repository/org/aspectj/aspectjrt/1.8.10/aspectjrt-1.8.10-sources.jar","javadocContainerUrl":"file:/C:/Users/ktia/.m2/repository/org/aspectj/aspectjrt/1.8.10/aspectjrt-1.8.10-javadoc.jar","isSystem":false,"isOwn":false,"isTest":false,"isJavaContent":false},{"kind":"binary","path":"C:\\Users\\ktia\\.m2\\repository\\org\\slf4j\\slf4j-api\\1.7.22\\slf4j-api-1.7.22.jar","sourceContainerUrl":"file:/C:/Users/ktia/.m2/repository/org/slf4j/slf4j-api/1.7.22/slf4j-api-1.7.22-sources.jar","javadocContainerUrl":"file:/C:/Users/ktia/.m2/repository/org/slf4j/slf4j-api/1.7.22/slf4j-api-1.7.22-javadoc.jar","isSystem":false,"isOwn":false,"isTest":false,"isJavaContent":false},{"kind":"binary","path":"C:\\Users\\ktia\\.m2\\repository\\org\\slf4j\\jcl-over-slf4j\\1.7.22\\jcl-over-slf4j-1.7.22.jar","sourceContainerUrl":"file:/C:/Users/ktia/.m2/repository/org/slf4j/jcl-over-slf4j/1.7.22/jcl-over-slf4j-1.7.22-sources.jar","javadocContainerUrl":"file:/C:/Users/ktia/.m2/repository/org/slf4j/jcl-over-slf4j/1.7.22/jcl-over-slf4j-1.7.22-javadoc.jar","isSystem":false,"isOwn":false,"isTest":false,"isJavaContent":false},{"kind":"binary","path":"C:\\Users\\ktia\\.m2\\repository\\org\\slf4j\\slf4j-log4j12\\1.7.22\\slf4j-log4j12-1.7.22.jar","sourceContainerUrl":"file:/C:/Users/ktia/.m2/repository/org/slf4j/slf4j-log4j12/1.7.22/slf4j-log4j12-1.7.22-sources.jar","javadocContainerUrl":"file:/C:/Users/ktia/.m2/repository/org/slf4j/slf4j-log4j12/1.7.22/slf4j-log4j12-1.7.22-javadoc.jar","isSystem":false,"isOwn":false,"isTest":false,"isJavaContent":false},{"kind":"binary","path":"C:\\Users\\ktia\\.m2\\repository\\log4j\\log4j\\1.2.15\\log4j-1.2.15.jar","sourceContainerUrl":"file:/C:/Users/ktia/.m2/repository/log4j/log4j/1.2.15/log4j-1.2.15-sources.jar","isSystem":false,"isOwn":false,"isTest":false,"isJavaContent":false},{"kind":"binary","path":"C:\\Users\\ktia\\.m2\\repository\\javax\\inject\\javax.inject\\1\\javax.inject-1.jar","sourceContainerUrl":"file:/C:/Users/ktia/.m2/repository/javax/inject/javax.inject/1/javax.inject-1-sources.jar","javadocContainerUrl":"file:/C:/Users/ktia/.m2/repository/javax/inject/javax.inject/1/javax.inject-1-javadoc.jar","isSystem":false,"isOwn":false,"isTest":false,"isJavaContent":false},{"kind":"binary","path":"C:\\Users\\ktia\\.m2\\repository\\javax\\servlet\\servlet-api\\2.5\\servlet-api-2.5.jar","sourceContainerUrl":"file:/C:/Users/ktia/.m2/repository/javax/servlet/servlet-api/2.5/servlet-api-2.5-sources.jar","isSystem":false,"isOwn":false,"isTest":false,"isJavaContent":false},{"kind":"binary","path":"C:\\Users\\ktia\\.m2\\repository\\javax\\servlet\\jsp\\jsp-api\\2.1\\jsp-api-2.1.jar","sourceContainerUrl":"file:/C:/Users/ktia/.m2/repository/javax/servlet/jsp/jsp-api/2.1/jsp-api-2.1-sources.jar","isSystem":false,"isOwn":false,"isTest":false,"isJavaContent":false},{"kind":"binary","path":"C:\\Users\\ktia\\.m2\\repository\\javax\\servlet\\jstl\\1.2\\jstl-1.2.jar","sourceContainerUrl":"file:/C:/Users/ktia/.m2/repository/javax/servlet/jstl/1.2/jstl-1.2-sources.jar","isSystem":false,"isOwn":false,"isTest":false,"isJavaContent":false},{"kind":"binary","path":"C:\\Users\\ktia\\.m2\\repository\\junit\\junit\\4.7\\junit-4.7.jar","sourceContainerUrl":"file:/C:/Users/ktia/.m2/repository/junit/junit/4.7/junit-4.7-sources.jar","isSystem":false,"isOwn":false,"isTest":false,"isJavaContent":false},{"kind":"binary","path":"C:\\Users\\ktia\\.m2\\repository\\com\\fasterxml\\jackson\\core\\jackson-databind\\2.8.4\\jackson-databind-2.8.4.jar","sourceContainerUrl":"file:/C:/Users/ktia/.m2/repository/com/fasterxml/jackson/core/jackson-databind/2.8.4/jackson-databind-2.8.4-sources.jar","javadocContainerUrl":"file:/C:/Users/ktia/.m2/repository/com/fasterxml/jackson/core/jackson-databind/2.8.4/jackson-databind-2.8.4-javadoc.jar","isSystem":false,"isOwn":false,"isTest":false,"isJavaContent":false},{"kind":"binary","path":"C:\\Users\\ktia\\.m2\\repository\\com\\fasterxml\\jackson\\core\\jackson-annotations\\2.8.0\\jackson-annotations-2.8.0.jar","sourceContainerUrl":"file:/C:/Users/ktia/.m2/repository/com/fasterxml/jackson/core/jackson-annotations/2.8.0/jackson-annotations-2.8.0-sources.jar","javadocContainerUrl":"file:/C:/Users/ktia/.m2/repository/com/fasterxml/jackson/core/jackson-annotations/2.8.0/jackson-annotations-2.8.0-javadoc.jar","isSystem":false,"isOwn":false,"isTest":false,"isJavaContent":false},{"kind":"binary","path":"C:\\Users\\ktia\\.m2\\repository\\com\\fasterxml\\jackson\\core\\jackson-core\\2.8.4\\jackson-core-2.8.4.jar","sourceContainerUrl":"file:/C:/Users/ktia/.m2/repository/com/fasterxml/jackson/core/jackson-core/2.8.4/jackson-core-2.8.4-sources.jar","javadocContainerUrl":"file:/C:/Users/ktia/.m2/repository/com/fasterxml/jackson/core/jackson-core/2.8.4/jackson-core-2.8.4-javadoc.jar","isSystem":false,"isOwn":false,"isTest":false,"isJavaContent":false},{"kind":"binary","path":"C:\\Users\\ktia\\.m2\\repository\\org\\apache\\httpcomponents\\httpcore\\4.4.6\\httpcore-4.4.6.jar","sourceContainerUrl":"file:/C:/Users/ktia/.m2/repository/org/apache/httpcomponents/httpcore/4.4.6/httpcore-4.4.6-sources.jar","javadocContainerUrl":"file:/C:/Users/ktia/.m2/repository/org/apache/httpcomponents/httpcore/4.4.6/httpcore-4.4.6-javadoc.jar","isSystem":false,"isOwn":false,"isTest":false,"isJavaContent":false},{"kind":"binary","path":"C:\\Users\\ktia\\.m2\\repository\\org\\apache\\httpcomponents\\httpclient\\4.5.2\\httpclient-4.5.2.jar","sourceContainerUrl":"file:/C:/Users/ktia/.m2/repository/org/apache/httpcomponents/httpclient/4.5.2/httpclient-4.5.2-sources.jar","javadocContainerUrl":"file:/C:/Users/ktia/.m2/repository/org/apache/httpcomponents/httpclient/4.5.2/httpclient-4.5.2-javadoc.jar","isSystem":false,"isOwn":false,"isTest":false,"isJavaContent":false},{"kind":"binary","path":"C:\\Users\\ktia\\.m2\\repository\\commons-logging\\commons-logging\\1.2\\commons-logging-1.2.jar","sourceContainerUrl":"file:/C:/Users/ktia/.m2/repository/commons-logging/commons-logging/1.2/commons-logging-1.2-sources.jar","javadocContainerUrl":"file:/C:/Users/ktia/.m2/repository/commons-logging/commons-logging/1.2/commons-logging-1.2-javadoc.jar","isSystem":false,"isOwn":false,"isTest":false,"isJavaContent":false},{"kind":"binary","path":"C:\\Users\\ktia\\.m2\\repository\\commons-codec\\commons-codec\\1.9\\commons-codec-1.9.jar","sourceContainerUrl":"file:/C:/Users/ktia/.m2/repository/commons-codec/commons-codec/1.9/commons-codec-1.9-sources.jar","javadocContainerUrl":"file:/C:/Users/ktia/.m2/repository/commons-codec/commons-codec/1.9/commons-codec-1.9-javadoc.jar","isSystem":false,"isOwn":false,"isTest":false,"isJavaContent":false},{"kind":"binary","path":"C:\\Users\\ktia\\.m2\\repository\\com\\google\\code\\gson\\gson\\2.8.5\\gson-2.8.5.jar","sourceContainerUrl":"file:/C:/Users/ktia/.m2/repository/com/google/code/gson/gson/2.8.5/gson-2.8.5-sources.jar","javadocContainerUrl":"file:/C:/Users/ktia/.m2/repository/com/google/code/gson/gson/2.8.5/gson-2.8.5-javadoc.jar","isSystem":false,"isOwn":false,"isTest":false,"isJavaContent":false},{"kind":"binary","path":"C:\\Users\\ktia\\.m2\\repository\\com\\github\\scribejava\\scribejava-core\\2.8.1\\scribejava-core-2.8.1.jar","sourceContainerUrl":"file:/C:/Users/ktia/.m2/repository/com/github/scribejava/scribejava-core/2.8.1/scribejava-core-2.8.1-sources.jar","javadocContainerUrl":"file:/C:/Users/ktia/.m2/repository/com/github/scribejava/scribejava-core/2.8.1/scribejava-core-2.8.1-javadoc.jar","isSystem":false,"isOwn":false,"isTest":false,"isJavaContent":false},{"kind":"binary","path":"C:\\Users\\ktia\\.m2\\repository\\com\\googlecode\\json-simple\\json-simple\\1.1.1\\json-simple-1.1.1.jar","sourceContainerUrl":"file:/C:/Users/ktia/.m2/repository/com/googlecode/json-simple/json-simple/1.1.1/json-simple-1.1.1-sources.jar","javadocContainerUrl":"file:/C:/Users/ktia/.m2/repository/com/googlecode/json-simple/json-simple/1.1.1/json-simple-1.1.1-javadoc.jar","isSystem":false,"isOwn":false,"isTest":false,"isJavaContent":false},{"kind":"binary","path":"C:\\Users\\ktia\\.m2\\repository\\org\\projectlombok\\lombok\\1.18.10\\lombok-1.18.10.jar","sourceContainerUrl":"file:/C:/Users/ktia/.m2/repository/org/projectlombok/lombok/1.18.10/lombok-1.18.10-sources.jar","javadocContainerUrl":"file:/C:/Users/ktia/.m2/repository/org/projectlombok/lombok/1.18.10/lombok-1.18.10-javadoc.jar","isSystem":false,"isOwn":false,"isTest":false,"isJavaContent":false},{"kind":"binary","path":"C:\\Users\\ktia\\.m2\\repository\\org\\springframework\\social\\spring-social-google\\1.0.0.RELEASE\\spring-social-google-1.0.0.RELEASE.jar","sourceContainerUrl":"file:/C:/Users/ktia/.m2/repository/org/springframework/social/spring-social-google/1.0.0.RELEASE/spring-social-google-1.0.0.RELEASE-sources.jar","javadocContainerUrl":"file:/C:/Users/ktia/.m2/repository/org/springframework/social/spring-social-google/1.0.0.RELEASE/spring-social-google-1.0.0.RELEASE-javadoc.jar","isSystem":false,"isOwn":false,"isTest":false,"isJavaContent":false},{"kind":"binary","path":"C:\\Users\\ktia\\.m2\\repository\\org\\springframework\\social\\spring-social-config\\1.1.0.RELEASE\\spring-social-config-1.1.0.RELEASE.jar","sourceContainerUrl":"file:/C:/Users/ktia/.m2/repository/org/springframework/social/spring-social-config/1.1.0.RELEASE/spring-social-config-1.1.0.RELEASE-sources.jar","javadocContainerUrl":"file:/C:/Users/ktia/.m2/repository/org/springframework/social/spring-social-config/1.1.0.RELEASE/spring-social-config-1.1.0.RELEASE-javadoc.jar","isSystem":false,"isOwn":false,"isTest":false,"isJavaContent":false},{"kind":"binary","path":"C:\\Users\\ktia\\.m2\\repository\\org\\springframework\\social\\spring-social-web\\1.1.0.RELEASE\\spring-social-web-1.1.0.RELEASE.jar","sourceContainerUrl":"file:/C:/Users/ktia/.m2/repository/org/springframework/social/spring-social-web/1.1.0.RELEASE/spring-social-web-1.1.0.RELEASE-sources.jar","javadocContainerUrl":"file:/C:/Users/ktia/.m2/repository/org/springframework/social/spring-social-web/1.1.0.RELEASE/spring-social-web-1.1.0.RELEASE-javadoc.jar","isSystem":false,"isOwn":false,"isTest":false,"isJavaContent":false},{"kind":"binary","path":"C:\\Users\\ktia\\.m2\\repository\\org\\springframework\\social\\spring-social-core\\1.1.0.RELEASE\\spring-social-core-1.1.0.RELEASE.jar","sourceContainerUrl":"file:/C:/Users/ktia/.m2/repository/org/springframework/social/spring-social-core/1.1.0.RELEASE/spring-social-core-1.1.0.RELEASE-sources.jar","javadocContainerUrl":"file:/C:/Users/ktia/.m2/repository/org/springframework/social/spring-social-core/1.1.0.RELEASE/spring-social-core-1.1.0.RELEASE-javadoc.jar","isSystem":false,"isOwn":false,"isTest":false,"isJavaContent":false},{"kind":"binary","path":"C:\\Users\\ktia\\.m2\\repository\\org\\mybatis\\mybatis\\3.4.6\\mybatis-3.4.6.jar","sourceContainerUrl":"file:/C:/Users/ktia/.m2/repository/org/mybatis/mybatis/3.4.6/mybatis-3.4.6-sources.jar","javadocContainerUrl":"file:/C:/Users/ktia/.m2/repository/org/mybatis/mybatis/3.4.6/mybatis-3.4.6-javadoc.jar","isSystem":false,"isOwn":false,"isTest":false,"isJavaContent":false},{"kind":"binary","path":"C:\\Users\\ktia\\.m2\\repository\\org\\mybatis\\mybatis-spring\\1.3.0\\mybatis-spring-1.3.0.jar","sourceContainerUrl":"file:/C:/Users/ktia/.m2/repository/org/mybatis/mybatis-spring/1.3.0/mybatis-spring-1.3.0-sources.jar","javadocContainerUrl":"file:/C:/Users/ktia/.m2/repository/org/mybatis/mybatis-spring/1.3.0/mybatis-spring-1.3.0-javadoc.jar","isSystem":false,"isOwn":false,"isTest":false,"isJavaContent":false},{"kind":"binary","path":"C:\\Users\\ktia\\.m2\\repository\\org\\springframework\\spring-jdbc\\4.3.6.RELEASE\\spring-jdbc-4.3.6.RELEASE.jar","sourceContainerUrl":"file:/C:/Users/ktia/.m2/repository/org/springframework/spring-jdbc/4.3.6.RELEASE/spring-jdbc-4.3.6.RELEASE-sources.jar","javadocContainerUrl":"file:/C:/Users/ktia/.m2/repository/org/springframework/spring-jdbc/4.3.6.RELEASE/spring-jdbc-4.3.6.RELEASE-javadoc.jar","isSystem":false,"isOwn":false,"isTest":false,"isJavaContent":false},{"kind":"binary","path":"C:\\Users\\ktia\\.m2\\repository\\org\\springframework\\spring-tx\\4.3.6.RELEASE\\spring-tx-4.3.6.RELEASE.jar","sourceContainerUrl":"file:/C:/Users/ktia/.m2/repository/org/springframework/spring-tx/4.3.6.RELEASE/spring-tx-4.3.6.RELEASE-sources.jar","javadocContainerUrl":"file:/C:/Users/ktia/.m2/repository/org/springframework/spring-tx/4.3.6.RELEASE/spring-tx-4.3.6.RELEASE-javadoc.jar","isSystem":false,"isOwn":false,"isTest":false,"isJavaContent":false},{"kind":"source","path":"C:\\Users\\ktia\\git\\MeltSpringProject\\MeltProjcet\\src\\main\\java","outputFolder":"C:\\Users\\ktia\\git\\MeltSpringProject\\MeltProjcet\\target\\classes","javadocContainerUrl":"file:/C:/Users/ktia/git/MeltSpringProject/MeltProjcet/target/site/apidocs","isSystem":false,"isOwn":true,"isTest":false,"isJavaContent":true},{"kind":"source","path":"C:\\Users\\ktia\\git\\MeltSpringProject\\MeltProjcet\\src\\main\\resources","outputFolder":"C:\\Users\\ktia\\git\\MeltSpringProject\\MeltProjcet\\target\\classes","isSystem":false,"isOwn":true,"isTest":false,"isJavaContent":false},{"kind":"source","path":"C:\\Users\\ktia\\git\\MeltSpringProject\\MeltProjcet\\src\\test\\resources","outputFolder":"C:\\Users\\ktia\\git\\MeltSpringProject\\MeltProjcet\\target\\test-classes","isSystem":false,"isOwn":true,"isTest":true,"isJavaContent":false},{"kind":"source","path":"C:\\Users\\ktia\\git\\MeltSpringProject\\MeltProjcet\\src\\test\\java","outputFolder":"C:\\Users\\ktia\\git\\MeltSpringProject\\MeltProjcet\\target\\test-classes","javadocContainerUrl":"file:/C:/Users/ktia/git/MeltSpringProject/MeltProjcet/target/site/apidocs","isSystem":false,"isOwn":true,"isTest":false,"isJavaContent":false}]}